performanceAPI.smooth,0
"{'size': {'transferSize': 0, 'decodedBodySize': 0, 'encodedBodySize': 0}, 'timing': {'duration': >0, 'fetchStart': >0, 'redirectEnd': 0, 'redirectStart': 0, 'secureConnectionStart': 0}, 'initiatorType': 'fetch', 'nextHopProtocol': 'http/1.1'}",287771
uncalled,38944
"{'size': {'transferSize': 0, 'decodedBodySize': 0, 'encodedBodySize': 0}, 'timing': {'duration': >0, 'fetchStart': >0, 'redirectEnd': 0, 'redirectStart': 0, 'secureConnectionStart': 0}, 'initiatorType': 'fetch', 'nextHopProtocol': ''}",29946
1-1,0
836-836,0
>0,0
NetworkError when attempting to fetch resource.,0
PaymentRequest is not defined,0
"[{}, 'error']",0
does not exist,0
inapplicable,0
"rgb(0, 0, 0)",0
{},0
